,TDP_W,V_air_ms,k_tim_WmK,R_total_CW,T_junction_C
TDP_W,1.0,-4.186850000897061e-15,7.931234050732358e-16,-3.2366103211073326e-15,0.9676439339923503
V_air_ms,-4.186850000897061e-15,1.0,-7.617730897490745e-18,-0.8010462726771777,-0.1824349077214621
k_tim_WmK,7.931234050732358e-16,-7.617730897490745e-18,1.0,-0.21899196005288257,-0.04987449462871256
R_total_CW,-3.2366103211073326e-15,-0.8010462726771777,-0.21899196005288257,1.0,0.2277457794188838
T_junction_C,0.9676439339923503,-0.1824349077214621,-0.04987449462871256,0.2277457794188838,1.0
